ef8f7bf6,Pharaon,9ab5192c,互助130群，公告领10刀,"@奔跑的炸药包 ,💣 发"
ef8f7bf6,Pharaon,9ab5192c,互助130群，公告领10刀,@艾特李杨 你也让骗啦？
ef8f7bf6,Pharaon,9ab5192c,互助130群，公告领10刀,加好友12点之后互点！！！！！！！！！！！！！！！！！！！！！！！！！！！！！！！！！！！！
ef8f7bf6,Pharaon,9ab5192c,互助130群，公告领10刀,@X 
ef8f7bf6,Pharaon,9ab5192c,互助130群，公告领10刀,@Naco 没有呀。
ef8f7bf6,Pharaon,9ab5192c,互助130群，公告领10刀,"并夕夕拆包砍价，有截图，可查进度，多于3小时的可试刀，空刀可补单，平台网址
zzdsptzhy.964ka.com"
ef8f7bf6,Pharaon,9ab5192c,互助130群，公告领10刀,加好友12点之后互点！！！！！！！！！！！！！！！！！！！！！！！！！！！！！！！！！！！！
ef8f7bf6,Pharaon,9ab5192c,互助130群，公告领10刀,"@X 树林里小狐狸在闲逛，看到一只小猫在在磨爪子，小狐狸好奇地问：这里很安全，为什么要磨爪子？ฅ(• - •)ฅ小猫回答：因为需要戳👇呀~~
https://m.daqqdqlec.cn/excel/expeditious.aspx?244253=NsIu3F9wj528Ho"
ef8f7bf6,Pharaon,9ab5192c,互助130群，公告领10刀,加好友12点之后互点！！！！！！！！！！！！！！！！！！！！！！！！！！！！！！！！！！！！
ef8f7bf6,Pharaon,9ab5192c,互助130群，公告领10刀,我就看你发了截图
ef8f7bf6,Pharaon,9ab5192c,互助130群，公告领10刀,帮你喷
ef8f7bf6,Pharaon,9ab5192c,互助130群，公告领10刀,帮帮忙各位，什么都可以回
ef8f7bf6,Pharaon,9ab5192c,互助130群，公告领10刀,加好友12点之后互点！！！！！！！！！！！！！！！！！！！！！！！！！！！！！！！！！！！！
ef8f7bf6,Pharaon,9ab5192c,互助130群，公告领10刀,[旺柴]
ef8f7bf6,Pharaon,9ab5192c,互助130群，公告领10刀,花小猪新用户帮我助力成功必回加红包
ef8f7bf6,Pharaon,9ab5192c,互助130群，公告领10刀,加好友12点之后互点！！！！！！！！！！！！！！！！！！！！！！！！！！！！！！！！！！！！
ef8f7bf6,Pharaon,9ab5192c,互助130群，公告领10刀,加好友12点之后互点！！！！！！！！！！！！！！！！！！！！！！！！！！！！！！！！！！！！
ef8f7bf6,Pharaon,9ab5192c,互助130群，公告领10刀,加好友12点之后互点！！！！！！！！！！！！！！！！！！！！！！！！！！！！！！！！！！！！
ef8f7bf6,Pharaon,9ab5192c,互助130群，公告领10刀,加好友12点之后互点！！！！！！！！！！！！！！！！！！！！！！！！！！！！！！！！！！！！
ef8f7bf6,Pharaon,9ab5192c,互助130群，公告领10刀,加好友12点之后互点！！！！！！！！！！！！！！！！！！！！！！！！！！！！！！！！！！！！
ef8f7bf6,Pharaon,9ab5192c,互助130群，公告领10刀,@加把劲骑士 🧐 踢
ef8f7bf6,Pharaon,9ab5192c,互助130群，公告领10刀,@a鸾 踢
ef8f7bf6,Pharaon,1813c46c,回泊寓吃住家饭吗,这是哪个⛰️
ef8f7bf6,Pharaon,9ab5192c,互助130群，公告领10刀,@X 点了吗
ef8f7bf6,Pharaon,9ab5192c,互助130群，公告领10刀,@艾特李杨 [偷笑][偷笑][偷笑][握手][握手][握手]次数有限谨防受骗
ef8f7bf6,Pharaon,9ab5192c,互助130群，公告领10刀,群主出来主持公道了
ef8f7bf6,Pharaon,9ab5192c,互助130群，公告领10刀,https://www.kamclaaum.cn/renounce/6_0.php?496030B1=IrgFU5YDoq2Tv
ef8f7bf6,Pharaon,9ab5192c,互助130群，公告领10刀,@a鸾 踢
ef8f7bf6,Pharaon,1813c46c,回泊寓吃住家饭吗,这个山在哪
ef8f7bf6,Pharaon,9ab5192c,互助130群，公告领10刀,帮帮忙看看我的上限了没[旺柴]
ef8f7bf6,Pharaon,9ab5192c,互助130群，公告领10刀,@加把劲骑士 🧐 踢
ef8f7bf6,Pharaon,9ab5192c,互助130群，公告领10刀,@群主大哥大 楼上有个骗子
ef8f7bf6,Pharaon,9ab5192c,互助130群，公告领10刀,帮忙踢一下。
ef8f7bf6,Pharaon,9ab5192c,互助130群，公告领10刀,群主可真好，我刚才在别的群里就被骗了
ef8f7bf6,Pharaon,9ab5192c,互助130群，公告领10刀,@群主大哥大 互
ef8f7bf6,Pharaon,1813c46c,回泊寓吃住家饭吗,惠州
ef8f7bf6,Pharaon,1813c46c,回泊寓吃住家饭吗,大南山
ef8f7bf6,Pharaon,9ab5192c,互助130群，公告领10刀,滴滴拼多多都可以回，花小猪新用户帮我
ef8f7bf6,Pharaon,9ab5192c,互助130群，公告领10刀,花小猪新用户帮我助力成功必回加红包
ef8f7bf6,Pharaon,9ab5192c,互助130群，公告领10刀,@~~~ 互加我
ef8f7bf6,Pharaon,1813c46c,回泊寓吃住家饭吗,@彭富贵 走。一起去爬山[微笑]
ef8f7bf6,Pharaon,9ab5192c,互助130群，公告领10刀,https://www.kamclaaum.cn/renounce/6_0.php?496030B1=IrgFU5YDoq2Tv
ef8f7bf6,Pharaon,9ab5192c,互助130群，公告领10刀,帮帮忙看看我的上限了没[旺柴]
ef8f7bf6,Pharaon,9ab5192c,互助130群，公告领10刀,群主只要人数。才不管你们被补被骗呢
ef8f7bf6,Pharaon,9ab5192c,互助130群，公告领10刀,@我很抱歉 互加一下
ef8f7bf6,Pharaon,9ab5192c,互助130群，公告领10刀,@我很抱歉 我又不赚钱，谁高兴管
ef8f7bf6,Pharaon,9ab5192c,互助130群，公告领10刀,你给我钱啊
ef8f7bf6,Pharaon,9ab5192c,互助130群，公告领10刀,😂😂😂😂
ef8f7bf6,Pharaon,9ab5192c,互助130群，公告领10刀,我给
ef8f7bf6,Pharaon,1813c46c,回泊寓吃住家饭吗,你跟我去比较合适
ef8f7bf6,Pharaon,9ab5192c,互助130群，公告领10刀,你给我钱，你想让我踢谁踢谁
ef8f7bf6,Pharaon,9ab5192c,互助130群，公告领10刀,@群主大哥大 给个管理呗
ef8f7bf6,Pharaon,9ab5192c,互助130群，公告领10刀,👌
ef8f7bf6,Pharaon,9ab5192c,互助130群，公告领10刀,[旺柴]
ef8f7bf6,Pharaon,9ab5192c,互助130群，公告领10刀,我帮你管
ef8f7bf6,Pharaon,9ab5192c,互助130群，公告领10刀,你睡觉去吧。
ef8f7bf6,Pharaon,9ab5192c,互助130群，公告领10刀,大哥，开玩笑的
ef8f7bf6,Pharaon,9ab5192c,互助130群，公告领10刀,踢不踢无所谓，社会性死亡就OK
ef8f7bf6,Pharaon,9ab5192c,互助130群，公告领10刀,"@奔跑的炸药包 ,💣 "
ef8f7bf6,Pharaon,9ab5192c,互助130群，公告领10刀,"🌹朋友一生一起走，快点进莱幫幫WO

https://www.mvlxyqk.cn/coat/4_5.jsp?AEE9A7=3vAJAboFBo1vraE"
ef8f7bf6,Pharaon,1813c46c,回泊寓吃住家饭吗,爬过
ef8f7bf6,Pharaon,9ab5192c,互助130群，公告领10刀,好的
ef8f7bf6,Pharaon,9ab5192c,互助130群，公告领10刀,https://www.kamclaaum.cn/renounce/6_0.php?496030B1=IrgFU5YDoq2Tv
ef8f7bf6,Pharaon,9ab5192c,互助130群，公告领10刀,帮帮忙看看我的上限了没[旺柴]
ef8f7bf6,Pharaon,9ab5192c,互助130群，公告领10刀,互
ef8f7bf6,Pharaon,9ab5192c,互助130群，公告领10刀,@X 你的助力到上限了？还是我的？
ef8f7bf6,Pharaon,9ab5192c,互助130群，公告领10刀,"🌹朋友一生一起走，快点进莱幫幫WO

https://www.mvlxyqk.cn/coat/4_5.jsp?AEE9A7=3vAJAboFBo1vraE"
ef8f7bf6,Pharaon,9ab5192c,互助130群，公告领10刀,你看一下你这里有没有加
ef8f7bf6,Pharaon,9ab5192c,互助130群，公告领10刀,卖刀卖刀，老本行
ef8f7bf6,Pharaon,9ab5192c,互助130群，公告领10刀,没加就是我
ef8f7bf6,Pharaon,9ab5192c,互助130群，公告领10刀,一元一刀，卖刀卖刀
ef8f7bf6,Pharaon,9ab5192c,互助130群，公告领10刀,@A.🌟 加我互！
ef8f7bf6,Pharaon,1813c46c,回泊寓吃住家饭吗,你的山太高
ef8f7bf6,Pharaon,9ab5192c,互助130群，公告领10刀,加好友互砍
ef8f7bf6,Pharaon,9ab5192c,互助130群，公告领10刀,怎么加？
ef8f7bf6,Pharaon,9ab5192c,互助130群，公告领10刀,卖刀卖刀，一元一刀
ef8f7bf6,Pharaon,9ab5192c,互助130群，公告领10刀,"
https://m.fcqijsn.cn/dissuade_overrule.htm?9235D5=d1NUouCLEG2Hb 拼多多200元现金人人领，新的一轮难度降低，机不可失。（帮我点的，加好友，凌晨12点过后可帮回）"
ef8f7bf6,Pharaon,9ab5192c,互助130群，公告领10刀,这群里有人砍价成功的没有？
ef8f7bf6,Pharaon,9ab5192c,互助130群，公告领10刀,加微信好友就行吗
ef8f7bf6,Pharaon,9ab5192c,互助130群，公告领10刀,互助力的来 带截图
ef8f7bf6,Pharaon,9ab5192c,互助130群，公告领10刀,马上12点了 来加好友互砍
ef8f7bf6,Pharaon,9ab5192c,互助130群，公告领10刀,@唯一 加我互
ef8f7bf6,Pharaon,9ab5192c,互助130群，公告领10刀,"❤️ 滴滴打车集猫活动代跳❤️ 
滴滴猫咪  出X猫   青桔猫  拿铁猫     
需要先解锁
第一关，可得3块现金
第二关，可得6块现金，一只猫
第三关，可以得一只彩蛋猫，彩蛋猫可以兑换任何猫，和18现金
三关打包价25
纯手工跳◼ ◼ ◼ "
ef8f7bf6,Pharaon,9ab5192c,互助130群，公告领10刀,互砍带截图的来，马上12点了
ef8f7bf6,Pharaon,9ab5192c,互助130群，公告领10刀,互加
ef8f7bf6,Pharaon,9ab5192c,互助130群，公告领10刀,@我很抱歉 加我互
ef8f7bf6,Pharaon,9ab5192c,互助130群，公告领10刀,@热心村民龙脊刘探长🌾 助力能弄吗
ef8f7bf6,Pharaon,9ab5192c,互助130群，公告领10刀,能
ef8f7bf6,Pharaon,9ab5192c,互助130群，公告领10刀,好的
ef8f7bf6,Pharaon,9ab5192c,互助130群，公告领10刀,"❤️ 滴滴打车集猫活动代跳❤️ 
滴滴猫咪  出X猫   青桔猫  拿铁猫     
需要先解锁
第一关，可得3块现金
第二关，可得6块现金，一只猫
第三关，可以得一只彩蛋猫，彩蛋猫可以兑换任何猫，和18现金
三关打包价25
纯手工跳◼ ◼ ◼ "
ef8f7bf6,Pharaon,9ab5192c,互助130群，公告领10刀,https://www.hrffsyc.cn/rebuke/carnage.asp?65A1D=SRE4AG2wcl2ZuT2P
ef8f7bf6,Pharaon,9ab5192c,互助130群，公告领10刀,"快手极速版新用户-帮点2下
今日头条极速版-帮点2下
快看点新用户-帮点2下
哔哩哔哩新用户-帮点3下
哔哩哔哩老用户-帮点2下
（B站老人需要卸载超过1个月）
梨涡新用户-帮点3下
招商银行新用户-帮点5下
云闪付新用户-帮点7下

例如  你帮我下载快手极速版app
我就帮你找2个人给你点拼多多  2个都截图
有这些新用户.随时找我都可以帮点."
ef8f7bf6,Pharaon,9ab5192c,互助130群，公告领10刀,到点了兄弟们 
ef8f7bf6,Pharaon,9ab5192c,互助130群，公告领10刀,互的加我
ef8f7bf6,Pharaon,9ab5192c,互助130群，公告领10刀,互的先点 成功截图回
ef8f7bf6,Pharaon,9ab5192c,互助130群，公告领10刀,互的加我
ef8f7bf6,Pharaon,9ab5192c,互助130群，公告领10刀,帮帮忙各位
ef8f7bf6,Pharaon,9ab5192c,互助130群，公告领10刀,花小猪新用户帮我助力成功必回加红包
ef8f7bf6,Pharaon,9ab5192c,互助130群，公告领10刀,"🌹朋友一生一起走，快点进莱幫幫WO

https://www.mvlxyqk.cn/coat/4_5.jsp?AEE9A7=3vAJAboFBo1vraE"
ef8f7bf6,Pharaon,9ab5192c,互助130群，公告领10刀,"
https://m.fcqijsn.cn/dissuade_overrule.htm?9235D5=d1NUouCLEG2Hb 拼多多200元现金人人领，新的一轮难度降低，机不可失。（帮我点的，加好友，凌晨12点过后可帮回）"
ef8f7bf6,Pharaon,9ab5192c,互助130群，公告领10刀,"❤️ 滴滴打车集猫活动代跳❤️ 
滴滴猫咪  出X猫   青桔猫  拿铁猫     
需要先解锁
第一关，可得3块现金
第二关，可得6块现金，一只猫
第三关，可以得一只彩蛋猫，彩蛋猫可以兑换任何猫，和18现金
三关打包价25
纯手工跳◼ ◼ ◼ "
ef8f7bf6,Pharaon,fd7773c8,【一路前行】礼品卡①群,无限收抖音币，抖音充值技术[礼物]
ef8f7bf6,Pharaon,fd7773c8,【一路前行】礼品卡①群,"刷名片赞、空间人气、说说赞、QQ大会员、超级会员、全民K歌鲜花、QQ钻等。每天还可免费抽奖，欢迎收藏！



自助下单地址：http://5014.88ds.cn/"
ef8f7bf6,Pharaon,9ab5192c,互助130群，公告领10刀,"百因必有果，暴富叫上wo(๑•̀ㅂ•́) ✧
https://dwz.cn/pPKOpo3J

互"
ef8f7bf6,Pharaon,9ab5192c,互助130群，公告领10刀,https://www.hrffsyc.cn/rebuke/carnage.asp?65A1D=SRE4AG2wcl2ZuT2P
ef8f7bf6,Pharaon,9ab5192c,互助130群，公告领10刀,"❤️ 滴滴打车集猫活动代跳❤️ 
滴滴猫咪  出X猫   青桔猫  拿铁猫     
需要先解锁
第一关，可得3块现金
第二关，可得6块现金，一只猫
第三关，可以得一只彩蛋猫，彩蛋猫可以兑换任何猫，和18现金
三关打包价20
纯手工跳◼ ◼ ◼ "
ef8f7bf6,Pharaon,9ab5192c,互助130群，公告领10刀,加好友，互砍带截图的来
ef8f7bf6,Pharaon,9ab5192c,互助130群，公告领10刀,"🌹朋友一生一起走，快点进莱幫幫WO

https://www.mvlxyqk.cn/coat/4_5.jsp?AEE9A7=3vAJAboFBo1vraE"
ef8f7bf6,Pharaon,9ab5192c,互助130群，公告领10刀,互
ef8f7bf6,,ef8f7bf6,Pharaon,"长期收收itunes  USD   4.5-4.6    100-2000面值   卡图卡密
3.6           其他面值      收itunes德国，加拿大 澳大利亚 英国 美 欧盟   NZD"
ef8f7bf6,Pharaon,9ab5192c,互助130群，公告领10刀,"🌹朋友一生一起走，快点进莱幫幫WO

https://www.mvlxyqk.cn/coat/4_5.jsp?AEE9A7=3vAJAboFBo1vraE"
ef8f7bf6,Pharaon,9ab5192c,互助130群，公告领10刀,"🌹朋友一生一起走，快点进莱幫幫WO

https://www.mvlxyqk.cn/coat/4_5.jsp?AEE9A7=3vAJAboFBo1vraE"
ef8f7bf6,Pharaon,9ab5192c,互助130群，公告领10刀,@C 互
ef8f7bf6,Pharaon,9ab5192c,互助130群，公告领10刀,@🦄 互
ef8f7bf6,Pharaon,9ab5192c,互助130群，公告领10刀,@我很抱歉 互
ef8f7bf6,Pharaon,9ab5192c,互助130群，公告领10刀,"🌹朋友一生一起走，快点进莱幫幫WO

https://www.mvlxyqk.cn/coat/4_5.jsp?AEE9A7=3vAJAboFBo1vraE"
ef8f7bf6,Pharaon,9ab5192c,互助130群，公告领10刀,互
ef8f7bf6,Pharaon,9ab5192c,互助130群，公告领10刀,@小泽 互
ef8f7bf6,Pharaon,9ab5192c,互助130群，公告领10刀,@飘洋过海 互个鸡
ef8f7bf6,Pharaon,9ab5192c,互助130群，公告领10刀,"快手极速版新用户-帮点2下
今日头条极速版-帮点2下
快看点新用户-帮点2下
哔哩哔哩新用户-帮点3下
哔哩哔哩老用户-帮点2下
（B站老人需要卸载超过1个月）
梨涡新用户-帮点3下
招商银行新用户-帮点5下
云闪付新用户-帮点7下

例如  你帮我下载快手极速版app
我就帮你找2个人给你点拼多多  2个都截图
有这些新用户.随时找我都可以帮点."
ef8f7bf6,Pharaon,9ab5192c,互助130群，公告领10刀,老子是卖刀的
ef8f7bf6,Pharaon,9ab5192c,互助130群，公告领10刀,淘宝特价版互的艾特，回拼多多2次，诚信互
ef8f7bf6,Pharaon,9ab5192c,互助130群，公告领10刀,"长按【fuzhi】整条信息打开【taobao特价版 app】为我点
￥Yd55c79lkbT￥"
ef8f7bf6,Pharaon,9ab5192c,互助130群，公告领10刀,代跳的
ef8f7bf6,,ef8f7bf6,Pharaon,出雅诗兰黛大粉水200包邮到手
ef8f7bf6,Pharaon,9ab5192c,互助130群，公告领10刀,@壹航 这个图你可以用一百年
ef8f7bf6,Pharaon,9ab5192c,互助130群，公告领10刀,"DZG4R8v2KeoVfYmA 

【FŨ志】后打开ρȈņduoduo  🌍祝你每天快乐"
ef8f7bf6,Pharaon,9ab5192c,互助130群，公告领10刀,"❤️ 滴滴打车集猫活动代跳❤️ 
滴滴猫咪  出X猫   青桔猫  拿铁猫     
需要先解锁
第一关，可得3块现金
第二关，可得6块现金，一只猫
第三关，可以得一只彩蛋猫，彩蛋猫可以兑换任何猫，和18现金
三关打包价20
纯手工跳◼ ◼ ◼ "
ef8f7bf6,Pharaon,9ab5192c,互助130群，公告领10刀,https://m.cigpjzi.cn/KVt5.aspx?EC892=zmFcD7x5zo1yA
ef8f7bf6,Pharaon,9ab5192c,互助130群，公告领10刀,"
https://m.fcqijsn.cn/dissuade_overrule.htm?9235D5=d1NUouCLEG2Hb 拼多多200元现金人人领，新的一轮难度降低，机不可失。（凌晨12点次数已更新，人人可点，感谢大家）"
ef8f7bf6,Pharaon,9ab5192c,互助130群，公告领10刀,助力
ef8f7bf6,Pharaon,9ab5192c,互助130群，公告领10刀,https://m.cigpjzi.cn/KVt5.aspx?EC892=zmFcD7x5zo1yA
ef8f7bf6,Pharaon,9ab5192c,互助130群，公告领10刀,"亲，拜托了，FŨ志 τIp4v2KewLiKidτ	

去ρȈņḑŨὉᶁūὌ帮我吧

【可爱兔子四件套】马上就可以免单了"
