1100,电话充值卡 10元 (支持移动、电信、联通),http://lc-0EaEC5sQ.cn-n1.lcfile.com/1ad130b4bed69635751e/timg%20%282%29.jpeg,,,10,50,0,50,0,
1002,电话充值卡 20元 (支持移动、电信、联通),http://lc-0EaEC5sQ.cn-n1.lcfile.com/1ad130b4bed69635751e/timg%20%282%29.jpeg,,,20,90,0,90,0,
1001,20元视屏会员1个月(腾讯、爱奇艺、优酷）,http://lc-0EaEC5sQ.cn-n1.lcfile.com/31aac4f2e3d2e0cb778d/timg%20%281%29.jpeg,,,20,90,0,90,0,
92004139,LuLuLun 补水嫩白美肌面膜 粉色 7枚入,http://lc-XBtceMXX.cn-n1.lcfile.com/c1694af523f08a76c763.jpg,,,39,180,0,180,0,
1042,BCL 浓密滋润果冻水蜜桃乳酸菌香味补水保湿桃子面膜,"https://kaola-pop.oss.kaolacdn.com/49d0d4da-4f64-4b55-bb89-ad1abd54ed6c?x-oss-process=image/resize,w_800/quality,q_85",,,69,300,0,300,0,
21996884,MAC 时尚唇膏 3克,http://lc-XBtceMXX.cn-n1.lcfile.com/7bfaab9fc700ed287117.jpg,,,129,500,0,500,0,
1003,王者荣耀任意288点券皮肤,http://shp.qpic.cn/ishow/2735062316/1592899351_84828260_15903_sProdImgNo_2.jpg/0,,,28,100,0,100,0,
1004,王者荣耀任意888点券皮肤,http://shp.qpic.cn/ishow/2735050614/1588747506_84828260_29600_sProdImgNo_2.jpg/0,,,88,320,0,320,0,
92008687,Quality first皇后的秘密 胶原蛋白保湿补水面膜 粉色款 7枚入,http://lc-0EaEC5sQ.cn-n1.lcfile.com/f633c1d5ecc845c2858bc7e3f8f16566,,,41,180,0,180,0,
92003679,PDC碧迪皙 隐形毛孔隔离防晒早安面膜 5枚入,http://lc-XBtceMXX.cn-n1.lcfile.com/ded6c4d0602641ccbc9bc46422991261,,,55,210,0,210,0,
92003929,MINON 氨基酸补水修护面膜 美白型  4枚入,http://lc-XBtceMXX.cn-n1.lcfile.com/a456279e3b32e9ae3bb3.jpg,,,139,500,0,500,0,
1035,儿童无比滴(日本本土版),https://img10.360buyimg.com/n5/s450x450_jfs/t1/118299/10/685/100289/5e8f0d8bEc1de4132/5013edf763965a13.jpg,,,79,320,0,320,0,
1036,成人无比滴(日本原装进口）,https://img13.360buyimg.com/n5/s450x450_jfs/t1/104696/39/9992/456745/5e1598a1E99965e02/08fbb56230367ccb.png,,,39,180,0,180,0,
1037,榨汁机随行杯迷你便携家用,https://img12.360buyimg.com/n1/jfs/t1/113170/25/3295/176042/5ea792f3E7e8958fe/068f716632385a5b.jpg,,,79,320,0,320,0,
1038,小米（MI）米家体重秤2代家用智能电子称运动APP蓝牙,https://img11.360buyimg.com/n1/jfs/t1/136172/20/397/51069/5eccab4fE31a926b0/af944f58620f14b0.jpg,,,59,270,0,270,0,
1039,小米电动牙刷 声波震动 进口纤密软毛,https://img10.360buyimg.com/n1/jfs/t1/73021/5/12435/28043/5d9c54cfE9f81a286/a2f4b1126473c706.jpg,,,39,180,0,180,0,
1040,双层家用蒸蛋器,https://img11.360buyimg.com/n1/jfs/t1/61107/3/3104/147516/5d158d2cEa4c99c8b/219eee0d17c7f456.jpg,,,39,180,0,180,0,
1041,飞科家用电吹风,https://img11.360buyimg.com/n1/jfs/t1/104990/10/15641/66843/5e735034E864714d3/7124373df0343eec.jpg,,,79,270,0,270,0,
1008,京东100元礼品卡1张,http://lc-0eaec5sq.cn-n1.lcfile.com/5752edf8a5cd2e20d934/WechatIMG2706.jpeg,,,100,500,0,500,0,
561636547014,日本石泽研究所毛穴抚子男士大米面膜保湿控油收缩毛孔10枚,https://img.alicdn.com/i4/679644586/TB2Wj8ca8fM8KJjSZFhXXcRyFXa_!!679644586.jpg,http://item.taobao.com/item.htm?id=561636547014,山亿美妆,53,200,0,200,0,https://s.click.taobao.com/KBEQvuu
573669351077,QualityFirst皇后的秘密日本多效合一60s早安面膜懒人补水保湿5片,https://img.alicdn.com/i2/3277004661/O1CN01iRSJ9K1kImeRh4VWY_!!0-item_pic.jpg,http://item.taobao.com/item.htm?id=573669351077,QualityFirst海外旗舰店,49,200,0,200,0,https://s.click.taobao.com/sbM9yuu
552635553291,QualityFirst皇后的秘密日本多效合一强韧肌底黑金面膜旅行3片,https://img.alicdn.com/i3/3277004661/O1CN01ymtlLi1kImeQInb1Q_!!0-item_pic.jpg,http://item.taobao.com/item.htm?id=552635553291,QualityFirst海外旗舰店,42,180,0,180,0,https://s.click.taobao.com/AUYQvuu
614632811084,日本 本土版MANDOM曼丹婴儿肌娃娃脸宝宝面膜高保湿补水白皙4/5片,https://img.alicdn.com/i1/2413728414/O1CN01L5LWRM2C1f6vzUToF_!!0-item_pic.jpg,http://item.taobao.com/item.htm?id=614632811084,小米粒美妆升级店,35,160,0,160,0,https://s.click.taobao.com/pGOQvuu
621197318348,日本面膜肌美精 肌美精面膜3d,https://img.alicdn.com/i1/366288152/O1CN01jc6bfH2A5fKeAuxwT_!!366288152.jpg,http://item.taobao.com/item.htm?id=621197318348,藜麦麦美妆集合店,9.9,50,0,50,0,https://s.click.taobao.com/wWsQvuu
619102147674,专柜正品日本minon蜜浓氨基酸面膜女补水保湿敏感干燥肌孕妇可用,https://img.alicdn.com/i1/390902498/O1CN01RyrhQy1UK7yQjISvX_!!390902498.jpg,http://item.taobao.com/item.htm?id=619102147674,羊咩咩全球美妆店,48,200,0,200,0,https://s.click.taobao.com/NFW9yuu
598965201439,清仓甩卖】MarLour万宝路豆乳威化饼干350g桶装日本风味网红零食,https://img.alicdn.com/i4/2245064168/O1CN0104GBvJ1gezQgrJ69v_!!0-item_pic.jpg,http://item.taobao.com/item.htm?id=598965201439,篱胧物语旗舰店,32.8,120,0,120,0,https://s.click.taobao.com/LlxQvuu
593577300295,法布朗纯可可脂生巧巧克力礼盒装送女友生日礼物日本抹茶味零食,https://img.alicdn.com/i1/4108793856/O1CN01EFBT661eM5njkUlhh_!!0-item_pic.jpg,http://item.taobao.com/item.htm?id=593577300295,fabula法布朗旗舰店,52,200,0,200,0,https://s.click.taobao.com/6PC9yuu
622333444107,御之味蒟蒻果汁果冻日本代餐低0脂热量可吸儿童零食布丁,https://img.alicdn.com/i4/2424214278/O1CN0193BrCh1hTMzx8vCZC_!!0-item_pic.jpg,http://item.taobao.com/item.htm?id=622333444107,新盟食品专营店,17.9,80,0,80,0,https://s.click.taobao.com/cDR9yuu
536924503874,日本进口零食品松尾Tirol夹心巧克力礼盒装送女友儿童糖果ins网红,https://img.alicdn.com/i1/114447051/O1CN01DOHB1J21xPF4Pd2ra_!!114447051.jpg,http://item.taobao.com/item.htm?id=536924503874,穗崎进口零食,23.5,100,0,100,0,https://s.click.taobao.com/bDR9yuu
568736467293,ROYCE'若翼族日本巧克力委内瑞拉苦味纯巧克力进口零食送礼送朋友,https://img.alicdn.com/i1/3790477617/O1CN01fzthxr268dT0Y1KXb_!!3790477617-0-picasso.jpg,http://item.taobao.com/item.htm?id=568736467293,royce若翼族旗舰店,65,270,0,270,0,https://s.click.taobao.com/k6g9yuu
567275511711,包邮 日本进口糖果雀本铺5种类白桃果汁夹心糖水果糖喜糖年货零食,https://img.alicdn.com/i3/52459717/O1CN01LVOc5F2LeRC4h4NaT_!!52459717-0-lubanu-s.jpg,http://item.taobao.com/item.htm?id=567275511711,海客帝国,9.9,50,0,50,0,https://s.click.taobao.com/IBEQvuu
622353260404,日本BOURBON布尔本fettuccine超酸条形果汁软糖白桃葡萄儿童零食,https://img.alicdn.com/i2/1647402593/O1CN01efrnnA1V1dbjTFMsa_!!1647402593.jpg,http://item.taobao.com/item.htm?id=622353260404,幸福陶宝店,8.5,50,0,50,0,https://s.click.taobao.com/KlxQvuu
562546245666,日本进口零食 丸川特浓抹茶味糖软糖果袋装办公室休闲小吃零食90g,https://img.alicdn.com/i4/744669255/TB2Vk7PbQfb_uJkSmRyXXbWxVXa_!!744669255.jpg,http://item.taobao.com/item.htm?id=562546245666,轻音零食,9.8,50,0,50,0,https://s.click.taobao.com/Qh2Rvuu
607426621079,日本进口零食 森永 BAKE烘烤半熟浓厚网红芝士奶油夹心小方巧克力,https://img.alicdn.com/i1/42976212/O1CN01kL4XNi1vl8xBe4L9K_!!42976212.jpg,http://item.taobao.com/item.htm?id=607426621079,弘韵零食商城,19.9,90,0,90,0,https://s.click.taobao.com/j6g9yuu
575469624958,包邮]豆乳威化棒bourbon布尔本鼠年货零食五谷酵母饼干日本进口低,https://img.alicdn.com/i1/219620307/O1CN01bgKDNL1E8eCNOH8yy_!!219620307.jpg,http://item.taobao.com/item.htm?id=575469624958,迷浆进口零食,15.4,75,0,75,0,https://s.click.taobao.com/i6g9yuu
613922748227,【直播】网红日式小圆饼干日本海盐味小圆饼天日盐饼干零食小吃,https://img.alicdn.com/i2/3300766192/O1CN01zyQY1u1vbz229rAwo_!!0-item_pic.jpg,http://item.taobao.com/item.htm?id=613922748227,其妙旗舰店,11.9,60,0,60,0,https://s.click.taobao.com/twa9yuu
619412550912,爱谷乐 长崎蛋糕 面包日本烘焙整箱营养早餐糕点牛乳口味充饥零食,https://img.alicdn.com/i2/2201446818741/O1CN010LIVhp2ERQcGkMmXR_!!0-item_pic.jpg,http://item.taobao.com/item.htm?id=619412550912,爱谷乐食品旗舰店,26.8,120,0,120,0,https://s.click.taobao.com/swa9yuu
613285197194,阿Q熊 网红日式小圆饼干日本海盐味小圆饼天日盐饼干零食小吃散装,https://img.alicdn.com/i2/730210127/O1CN019YeM2U1CoCuVfkdkP_!!0-item_pic.jpg,http://item.taobao.com/item.htm?id=613285197194,利升食品专营店,14.8,75,0,75,0,https://s.click.taobao.com/HBEQvuu
605895309332,日本进口食品 森永BAKE烘烤芝士小方块巧克力38g/10粒网红INS零食,https://img.alicdn.com/i3/114447051/O1CN01PKzA0621xPHYR7XTi_!!114447051-0-lubanu-s.jpg,http://item.taobao.com/item.htm?id=605895309332,穗崎进口零食,19.8,80,0,80,0,https://s.click.taobao.com/VDR9yuu
528239329332,森永日本进口半熟芝士香浓点心早餐蛋糕芝士味特浓小零食糕点甜点,https://img.alicdn.com/i1/2121300288/O1CN01yQ7HRC1DzwfzisWIY_!!0-item_pic.jpg,http://item.taobao.com/item.htm?id=528239329332,森永食品官方旗舰店,22.5,80,0,80,0,https://s.click.taobao.com/qWsQvuu
604850785925,日本进口天六杏仁扁桃仁小鱼干即食海味什锦小吃孕妇儿童零食坚果,https://img.alicdn.com/i1/729403681/O1CN01gbYeLV1d3wUP2S2Qk_!!0-item_pic.jpg,http://item.taobao.com/item.htm?id=604850785925,墨香食品专营店,29.8,120,0,120,0,https://s.click.taobao.com/oWsQvuu
37884960940,日本进口零食北海道白色恋人白巧克力夹心饼干9/12/18/24枚礼盒装,https://img.alicdn.com/i3/822820832/O1CN01fYVLRv1I166hPAzOD_!!822820832.jpg,http://item.taobao.com/item.htm?id=37884960940,食尚假期,45,200,0,200,0,https://s.click.taobao.com/CBEQvuu
580362884142,蔡文静推荐日本进口野村天日盐味小圆饼咸味薄脆小圆饼干年货零食,https://img.alicdn.com/i1/52459717/O1CN01rcIcSy2LeR3Wmkstd_!!52459717.jpg,http://item.taobao.com/item.htm?id=580362884142,海客帝国,12.8,60,0,60,0,https://s.click.taobao.com/nSnQvuu
567231963375,日本糖果进口零食 扇雀饴 五种口味杂锦白桃果汁夹心水果糖81g,https://img.alicdn.com/i4/114595520/TB1OndIi21TBuNjy0FjXXajyXXa_!!0-item_pic.jpg,http://item.taobao.com/item.htm?id=567231963375,食全食美零食商城,13.5,60,0,60,0,https://s.click.taobao.com/Lh2Rvuu
605896285247,日本进口休闲小朋友零食 明治 Choco Baby牛奶巧克力豆可爱盒装,https://img.alicdn.com/i4/114447051/O1CN01rrRu7u21xPEDqpcBw_!!114447051.jpg,http://item.taobao.com/item.htm?id=605896285247,穗崎进口零食,9.5,50,0,50,0,https://s.click.taobao.com/a6g9yuu
628844483819,日本进口零食 不二家牛奶妹图案夹心牛奶巧克力儿童造型朱古力41g,https://img.alicdn.com/i1/42976212/O1CN01m2fe2L1vl8zBeL68e_!!42976212.jpg,http://item.taobao.com/item.htm?id=628844483819,弘韵零食商城,9.8,50,0,50,0,https://s.click.taobao.com/mz8Qvuu
555444948702,日本进口零食UHA悠哈味觉糖普超碳酸味什锦软糖水果糖夹心糖果90g,https://img.alicdn.com/i1/42976212/O1CNA1ndoHYY1vl8ytkBmfP_!!42976212-0-psf.jpg,http://item.taobao.com/item.htm?id=555444948702,弘韵零食商城,13.5,70,0,70,0,https://s.click.taobao.com/lH79yuu
576030016104,日本进口零食 布尔本 巧克力千层薄脆饼干条巧克力蛋卷93g/12本,https://img.alicdn.com/i2/114447051/TB2wOgLsVooBKNjSZPhXXc2CXXa_!!114447051.jpg,http://item.taobao.com/item.htm?id=576030016104,穗崎进口零食,13,70,0,70,0,https://s.click.taobao.com/2PC9yuu
592273798161,日本进口零食卡巴也白桃水蜜桃味葡萄味夹心软糖水果果汁糖果特价,https://img.alicdn.com/i3/2283050310/O1CN01uIY3HG1EA1Ib513aH_!!2283050310.jpg,http://item.taobao.com/item.htm?id=592273798161,味多铺,8.8,40,0,40,0,https://s.click.taobao.com/lz8Qvuu
553491112132,日本进口零食卡巴呀Kabaya苹果柠檬草莓夹心软糖果汁棉花糖QQ糖也,https://img.alicdn.com/i1/114447051/O1CN01jUc5SK21xPGqYHDzS_!!114447051.jpg,http://item.taobao.com/item.htm?id=553491112132,穗崎进口零食,8.9,40,0,40,0,https://s.click.taobao.com/IFW9yuu
562743345147,日本进口网红小零食三立巧克力奶油宇治抹茶夹心饼干曲奇*3盒,https://img.alicdn.com/i2/114595520/O1CN01Q5CZ0X1qeCl2z2HUR_!!114595520.jpg,http://item.taobao.com/item.htm?id=562743345147,食全食美零食商城,36.8,120,0,120,0,https://s.click.taobao.com/Jh2Rvuu
615127032475,金语北海道豆乳威化饼干罐装日本风味桶装网红零食榴莲味夹心饼干,https://img.alicdn.com/i1/2207738111290/O1CN01JeiWoa1LOrWVn4fON_!!0-item_pic.jpg,http://item.taobao.com/item.htm?id=615127032475,金语旗舰店,18.9,80,0,80,0,https://s.click.taobao.com/vTiQvuu
619776827013,日本进口松屋阪田海盐糖24颗柠檬夹心夏日补盐硬糖果结婚喜糖零食,https://img.alicdn.com/i1/2885286749/O1CN01rH7cMH1zj5eGaHLlh_!!2885286749.jpg,http://item.taobao.com/item.htm?id=619776827013,食客部落,17.8,80,0,80,0,https://s.click.taobao.com/NFx8yuu
582462600335,厨房置物架壁挂式免打孔家用调味调料用品大全神器刀架挂架收纳架,https://img.alicdn.com/i1/1665556425/O1CN01SnPqGZ1xKhKTRteKB_!!1665556425-0-lubanu-s.jpg,http://item.taobao.com/item.htm?id=582462600335,天地鱼旗舰店,49,200,0,200,0,https://s.click.taobao.com/SKdQvuu
622420148417,调料盒四格一体厨房用品多格调味罐收纳家用组合套装盐罐糖罐子瓶,https://img.alicdn.com/i3/2067084453/O1CN01A7kZXO1ilWIJmu2M1_!!0-item_pic.jpg,http://item.taobao.com/item.htm?id=622420148417,金利娴子旗舰店,29,120,0,120,0,https://s.click.taobao.com/QAJQvuu
619296105194,陶瓷调料罐盒厨房用品盐罐子家用组合装辣椒油佐料瓶调味盒三件套,https://img.alicdn.com/i2/1072340187/O1CN019jGLNh1DFgfPa9SBS_!!1072340187.jpg,http://item.taobao.com/item.htm?id=619296105194,坚达艺品,19.8,90,0,90,0,https://s.click.taobao.com/99l9yuu
612612492141,防油厨房置物架刀架调味调料用品家用大全多功能筷子收纳盒子带盖,https://img.alicdn.com/i1/2452421806/O1CN01JYKf4r1PDBsemtDP2_!!0-item_pic.jpg,http://item.taobao.com/item.htm?id=612612492141,heastrew希斯朵旗舰店,79,300,0,300,0,https://s.click.taobao.com/nbM9yuu
623256630175,医用一次性医疗口罩三层医护医科外用成人学生专用秋冬防护加强款,https://img.alicdn.com/i2/2208337253801/O1CN01Z3bBWs1dwu4esbu3U_!!2-item_pic.png,http://item.taobao.com/item.htm?id=623256630175,泺利诗医疗器械旗舰店,15.9,80,0,80,0,https://s.click.taobao.com/BlxQvuu